uuid,slug,name
11e81bd0-fb3f-6e08-8b7f-a0369fe50396,the-weeknd,The Weeknd
11e81bc1-deb4-6ac2-8633-a0369fe50396,taylor-swift,Taylor Swift
11e81bc3-0bf4-dc28-b549-a0369fe50396,ed-sheeran,Ed Sheeran
11e81bc2-a7b4-6f62-8bdc-a0369fe50396,miley-cyrus,Miley Cyrus
11e81bbf-6824-4bc2-ae1f-a0369fe50396,shakira,Shakira
11e81bc8-1ac0-2bc2-a381-a0369fe50396,rihanna,Rihanna
11e81bc9-a746-954e-b37b-a0369fe50396,ariana-grande,Ariana Grande
11e81bcc-70b5-8758-8e7d-a0369fe50396,justin-bieber,Justin Bieber
11e81bcd-65d5-4f2a-b59f-a0369fe50396,david-guetta,David Guetta
11e81bbf-8dca-ff1a-af94-a0369fe50396,drake-1,Drake
11e81bc7-70bd-fde8-8c2a-a0369fe50396,sza,SZA
11e81bc7-3ed6-f0f0-9e74-a0369fe50396,eminem,Eminem
11e81bbf-43d7-468e-9647-a0369fe50396,harry-styles,Harry Styles
11e81bc0-96ed-54e8-b12c-a0369fe50396,bad-bunny,Bad Bunny
11e81bc3-e4fe-3604-af58-a0369fe50396,calvin-harris,Calvin Harris
11e81bd2-0f3a-705a-837c-a0369fe50396,coldplay,Coldplay
11e81bcd-e4e1-abec-b679-a0369fe50396,dua-lipa,Dua Lipa
11e81bc9-76a2-7f16-85ee-a0369fe50396,sam-smith-3,Sam Smith
11e81bbe-ebe6-c6ac-95d9-a0369fe50396,imagine-dragons,Imagine Dragons
11e81bc3-1db8-3a72-a563-a0369fe50396,21-savage,21 Savage
11e81bba-4ded-bd6a-8b4a-a0369fe50396,bruno-mars,Bruno Mars
11e81bcd-4759-966e-904e-a0369fe50396,selena-gomez,Selena Gomez
11e81bd2-2529-68d0-8dad-a0369fe50396,lady-gaga,Lady Gaga
11e81bc7-1b61-cf28-899b-a0369fe50396,maroon-5,Maroon 5
11e81bd3-3d85-e420-9f60-a0369fe50396,marshmello,marshmello
11e81bce-c4cb-1af4-b863-a0369fe50396,karol-g,Karol G
11e81bd0-c74e-d8fe-ae6c-a0369fe50396,metro-boomin,Metro Boomin
11e81bca-ebf7-e1c4-85d5-a0369fe50396,kanye-west,Kanye West
11e81bd1-cfa8-2e50-a490-a0369fe50396,katy-perry,Katy Perry
11e81bcc-9c1c-ce38-b96b-a0369fe50396,billie-eilish,Billie Eilish
11e81bce-6036-db1e-9734-a0369fe50396,khalid-1,Khalid
11e81bd3-1aa8-e9ac-949d-a0369fe50396,post-malone,Post Malone
11e81bbb-3d99-a860-97df-a0369fe50396,chris-brown,Chris Brown
11e81bca-6acb-9a46-8802-a0369fe50396,j-balvin,J Balvin
11e81bc3-7980-c950-afcb-a0369fe50396,doja-cat,Doja Cat
11e81bbe-edd0-d93a-9df4-a0369fe50396,adele,Adele
11e83fe9-f52f-5ec8-83b4-a0369fe50396,rauw-alejandro,Rauw Alejandro
11e81bba-f201-dfbc-8b24-a0369fe50396,daddy-yankee,Daddy Yankee
11e81bbf-b197-3774-bc85-a0369fe50396,beyonce,Beyoncé
11e83feb-d5cb-13cc-a088-aa1c026db3d8,bizarrap,Bizarrap
11e81bc1-0107-bd8c-8c02-a0369fe50396,elton-john,Elton John
11e81bbe-04e9-df46-984f-a0369fe50396,onerepublic,OneRepublic
11e81bc0-4610-ebca-86d4-a0369fe50396,ozuna,Ozuna
11e81bc7-927d-402e-a05e-a0369fe50396,nicki-minaj,Nicki Minaj
11e81bba-82e1-2372-a5b4-a0369fe50396,future,Future
11e81bbc-46f8-7e94-b612-a0369fe50396,bebe-rexha,Bebe Rexha
11e81bc0-60ff-b9f2-8fdf-a0369fe50396,sia,Sia
11e81bc3-b843-a3b0-b531-a0369fe50396,travis-scott,Travis Scott
11e81bbd-adb7-ad98-aa83-a0369fe50396,queen,Queen
11e81bc2-a78f-b7bc-a66a-a0369fe50396,shawn-mendes,Shawn Mendes
11e81bc1-32d6-d91a-9bdf-a0369fe50396,rosalia,ROSALÍA
11e81bca-7284-1268-a342-a0369fe50396,ellie-goulding,Ellie Goulding
11e81bc9-3b2e-b396-acc3-a0369fe50396,tiesto,Tiësto
11e81bc7-a843-4110-99bc-a0369fe50396,lana-del-rey,Lana Del Rey
11e81bbc-c601-d802-bca1-a0369fe50396,kendrick-lamar,Kendrick Lamar
11e81bc9-e496-5808-a791-a0369fe50396,halsey,Halsey
11e81bcd-cac3-5a30-bad2-a0369fe50396,arctic-monkeys,Arctic Monkeys
11e81bc2-2c43-2008-b937-a0369fe50396,charlie-puth,Charlie Puth
7c01da4e-ef64-455c-9179-10d81d89eec4,black-eyed-peas-1,Black Eyed Peas
11e81bc4-3e3b-5008-83c3-a0369fe50396,camila-cabello,Camila Cabello
83f78e52-2a25-11e9-9063-00163ec5a2fb,rema-4,Rema
11e81bc7-2cf5-a156-bdeb-a0369fe50396,one-direction,One Direction
11e81bcd-0e15-ad98-9230-a0369fe50396,feid,Feid
a998526e-6d73-4332-bf8c-59e83eeb6adb,pinkpantheress,PinkPantheress
eb94a04d-ed5f-46e4-8ade-d74ed660599a,ice-spice,Ice Spice
11e81bbf-f51e-5d92-b3d0-a0369fe50396,j-cole,J. Cole
7108b884-c3e6-11e8-9dac-525400009efb,the-kid-laroi,The Kid Laroi
11e81bc7-02a0-ae46-b65d-a0369fe50396,bts,BTS
11e83fe9-a3b0-79ce-9b4e-a0369fe50396,olivia-rodrigo-madison-hu,Olivia Rodrigo
11e81bbd-419a-fc46-9050-a0369fe50396,manuel-turizo,Manuel Turizo
11e81bc3-b7f5-d9f0-8204-a0369fe50396,michael-jackson,Michael Jackson
11e81bcd-43c7-cf20-a464-a0369fe50396,xxxtentacion,XXXTENTACION
11e81bc0-bf5f-e0bc-84e8-a0369fe50396,linkin-park,Linkin Park
11e81bcd-3497-ca6e-ad4d-a0369fe50396,p-nk,P!nk
11e81bd0-9217-2452-999e-a0369fe50396,jay-z,JAY-Z
11e81bbc-8551-43d8-9120-a0369fe50396,lil-uzi-vert,Lil Uzi Vert
11e81bd1-1492-d0f2-af83-a0369fe50396,avicii,Avicii
11e81bc3-78f3-54d0-bb1e-a0369fe50396,farruko,Farruko
11e81bca-9efc-830c-a948-a0369fe50396,maluma,Maluma
11e81bc7-3661-6e64-a6a7-a0369fe50396,meghan-trainor,Meghan Trainor
158d5cb2-c5fd-11e8-8b8c-549f35141000,lil-nas-x,Lil Nas X
11e81bc0-d6e7-e0b8-85eb-a0369fe50396,the-chainsmokers,The Chainsmokers
18575950-7fdd-4e14-a445-f64dbbdbcae3,quevedo-1,Quevedo
11e81bc9-221d-3f3a-9f80-a0369fe50396,james-arthur,James Arthur
11e81bc8-b6fd-32c8-bb52-a0369fe50396,kim-petras,Kim Petras
910e5b0a-240e-11ea-8d99-801844ee83a6,peso-pluma,Peso Pluma
2dd71421-675c-4b75-8b6f-8065d1f70d38,stephen-sanchez,Stephen Sanchez
11e81bd0-8008-de18-90e5-a0369fe50396,lewis-capaldi,Lewis Capaldi
11e81bd1-91a5-31ac-bb46-a0369fe50396,anuel-aa,Anuel AA
11e81bcd-1c03-2048-8cdc-a0369fe50396,pitbull-1,Pitbull
d9f2cb18-b82a-11e8-b478-525400009efb,myke-towers-1,Myke Towers
11e81bc0-677f-5bac-a6fb-a0369fe50396,lil-wayne,Lil Wayne
11e81bc8-65b0-7006-9292-a0369fe50396,britney-spears,Britney Spears
11e81bbc-9c04-3478-a68d-a0369fe50396,gorillaz,Gorillaz
11e81bc6-b994-94f6-9e0d-a0369fe50396,miguel-1,Miguel
11e83fee-eec2-cbd8-be5a-aa1c026db3d8,juice-wrld-1,Juice WRLD
11e81bbd-4b75-6d64-a72f-a0369fe50396,50-cent,50 Cent
11e81bba-bdf5-94fc-b0d2-a0369fe50396,the-neighbourhood,The Neighbourhood
11e81bcc-e6ef-4616-a1c3-a0369fe50396,jason-derulo,Jason Derulo
11e81bcc-b235-0ae6-99bb-a0369fe50396,raye-1,RAYE
11e81bc2-14fb-e56a-8046-a0369fe50396,lil-baby,Lil Baby
11e81bbf-30a3-167e-9abc-a0369fe50396,demi-lovato,Demi Lovato
11e81bca-950c-3a36-81ea-a0369fe50396,dababy,DaBaby
11e81bd0-5a02-b2d4-a988-a0369fe50396,cardi-b,Cardi B
11e81bca-75b6-3380-baf2-a0369fe50396,becky-g,Becky G
7e4c2c8a-b6be-4b08-b371-71f86e2fd050,d4vd,d4vd
11e81bc1-cde8-a460-8234-a0369fe50396,hozier,Hozier
11e85918-e40a-ac2c-a4cc-a0369fe50396,ava-max,Ava Max
11e81bc0-4f53-f948-be63-a0369fe50396,the-beatles,The Beatles
11e81bbb-f4d5-86ac-9891-a0369fe50396,wiz-khalifa,Wiz Khalifa
11e81bc3-b108-2dd2-9858-a0369fe50396,dj-snake,DJ Snake
11e81bbf-5a79-1e4e-ae35-a0369fe50396,jack-harlow,Jack Harlow
11e81bc2-1456-6ac2-9942-a0369fe50396,snoop-dogg,Snoop Dogg
11e81bc7-cfdd-180e-8641-a0369fe50396,arcangel,Arcángel
11e81bc3-514f-4556-87e6-a0369fe50396,justin-timberlake,Justin Timberlake
11e81bcf-01d6-bc82-9f92-a0369fe50396,robin-schulz,Robin Schulz
11e81bc9-b790-f246-94cb-a0369fe50396,sean-paul,Sean Paul
11e81bd2-c0d5-bba8-ad9e-a0369fe50396,diplo,Diplo
11e83feb-0064-034c-b479-a0369fe50396,tate-mcrae,Tate McRae
11e81bc8-bd7d-804e-b8b2-a0369fe50396,arijit-singh,Arijit Singh
11e88aac-7615-59c2-aa13-c81f66c9b203,coi-leray,Coi Leray
11e81bc3-3975-c540-968c-a0369fe50396,red-hot-chili-peppers,Red Hot Chili Peppers
11e83fe8-2366-316a-bc9a-aa1c026db3d8,young-thug-1,Young Thug
b2da9cf8-fae3-11e8-8af2-00163ec5a2fb,chencho-corleone,Chencho Corleone
11e81bd1-e791-cd8c-a703-a0369fe50396,fleetwood-mac,Fleetwood Mac
19fbf0c7-1f3e-4f29-8b94-47da94f6e3d3,jvke-1,JVKE
11e81bbe-73b9-31ce-a36b-a0369fe50396,tyler-the-creator,"Tyler, the Creator"
11e81bc0-59c7-f79e-9a97-a0369fe50396,pritam,Pritam
11e81bd2-69ce-d2c2-9df8-a0369fe50396,kygo,Kygo
11e81bcc-9d54-2814-a5b5-a0369fe50396,macklemore,Macklemore
11e81bba-f1b1-8df0-9c5e-a0369fe50396,steve-lacy,Steve Lacy
11e81bc8-4816-f6f0-8201-a0369fe50396,ty-dolla-ign,Ty Dolla $ign
11e81bca-d5fc-eacc-a05b-a0369fe50396,nirvana-3,Nirvana
11e81bc9-0631-85e2-8f8a-a0369fe50396,oliver-tree,Oliver Tree
11e81bba-bedb-73b4-814d-a0369fe50396,anne-marie,Anne-Marie
11e81bd2-1273-e8dc-918d-a0369fe50396,don-omar,Don Omar
11e81bbe-a1e7-d2e4-b8e4-a0369fe50396,tom-odell,Tom Odell
11e81bbc-af2f-8796-a62b-a0369fe50396,ac-dc,AC/DC
11e81bc3-ae42-c97c-ba17-a0369fe50396,labrinth,Labrinth
11e81bca-bf50-a034-976e-a0369fe50396,yandel,Yandel
11e83fee-011a-f66c-8d27-a0369fe50396,don-toliver,Don Toliver
11e81bd2-9a88-b982-9251-a0369fe50396,calum-scott,Calum Scott
11e81bc1-8353-6b56-8c3e-a0369fe50396,kali-uchis,Kali Uchis
11e81bd1-7ebd-3080-96bd-a0369fe50396,flo-rida,Flo Rida
c20c0560-92a8-4099-84c3-0aac47c85bea,jhayco,Jhayco
11e81bcb-2459-a020-b186-a0369fe50396,joji-1,joji
11e81bca-59e0-0fa0-ae8e-a0369fe50396,romeo-santos,Romeo Santos
11e81bcd-f913-dc66-b397-a0369fe50396,guns-n-roses,Guns N’ Roses
11e81bba-78a7-33ec-a1eb-a0369fe50396,a-r-rahman,A.R. Rahman
11e81bca-dfc7-da26-b4ad-a0369fe50396,abba,ABBA
11e81bc7-2d91-11fe-9258-a0369fe50396,metallica,Metallica
670f9df8-6c41-4586-9a8e-542cd7c40040,em-beihold,Em Beihold
11e81bd2-ba56-989c-bc75-a0369fe50396,070-shake,070 Shake
11e81bc7-b0b2-0f2a-bc0c-a0369fe50396,dj-khaled,DJ Khaled
11e81bbc-0248-2948-b309-a0369fe50396,usher,Usher
11e81bc6-cdc0-7148-b8ec-a0369fe50396,sebastian-yatra,Sebastián Yatra
11e81bc2-0e94-a41e-b152-a0369fe50396,creedence-clearwater-revival,Creedence Clearwater Revival
11e81bd0-7a67-d07c-8ed0-a0369fe50396,swae-lee,Swae Lee
11e81bc4-1b2e-09c0-a65b-a0369fe50396,eladio-carrion,Eladio Carrion
11e81bba-738a-d31e-b317-a0369fe50396,a-ap-rocky,A$AP Rocky
11e81bc0-9d84-6e18-8f8d-a0369fe50396,glass-animals,Glass Animals
11e81bc7-d947-1b74-a655-a0369fe50396,pharrell-williams,Pharrell Williams
cc9e3ab6-c3c3-11e8-a5b8-525400009efb,giveon,Giveon
11e81bc7-5575-63b4-bd3b-a0369fe50396,alan-walker,Alan Walker
11e81bc8-ed90-75f2-a568-a0369fe50396,madonna,Madonna
11e81bcb-2085-32d4-af24-a0369fe50396,green-day,Green Day
11e81bbb-acfa-5eca-9039-a0369fe50396,bon-jovi,Bon Jovi
11e81bcc-fc3d-6b6a-9a6b-a0369fe50396,frank-ocean,Frank Ocean
987b2072-2be8-11e9-a8b7-549f35141000,pop-smoke,Pop Smoke
b316390e-c1ca-11e8-8e11-525400009efb,polo-g,Polo G
11e81bc9-97e6-8488-963f-a0369fe50396,kodak-black,Kodak Black
11e81bba-57e6-3220-a3c7-a0369fe50396,sabrina-carpenter,Sabrina Carpenter
11e81bcd-8af8-ffc2-a794-a0369fe50396,lizzo,Lizzo
11e81bc9-9a0b-a932-b7d7-a0369fe50396,gunna,Gunna
11e81bce-3742-b638-9592-a0369fe50396,shreya-ghoshal,Shreya Ghoshal
11e81bc3-1507-24ce-b64c-a0369fe50396,the-rolling-stones,The Rolling Stones
11e83fec-e774-7662-9d84-a0369fe50396,megan-thee-stallion,Megan Thee Stallion
11e81bc7-b8eb-c74e-b743-a0369fe50396,nicky-jam,Nicky Jam
11e81bc9-1a2f-5b0a-a48b-a0369fe50396,morgan-wallen,Morgan Wallen
11e81bd1-3c51-4394-a903-a0369fe50396,bee-gees,Bee Gees
11e81bd2-2acf-e1a6-85f2-a0369fe50396,tyga,Tyga
11e81bc9-dd76-21f2-a819-a0369fe50396,panic-at-the-disco,Panic! at the Disco
11e81bbb-bc45-c914-8a23-a0369fe50396,tame-impala,Tame Impala
11e81bc9-c55f-3518-87ed-a0369fe50396,daniel-caesar,Daniel Caesar
11e81bcc-ef04-14bc-9708-a0369fe50396,maneskin,Måneskin
11e81bc6-bf14-928c-9376-a0369fe50396,alicia-keys,Alicia Keys
11e81bca-e114-4de2-8dfa-a0369fe50396,the-police,The Police
11e81bc1-c100-568a-b08b-a0369fe50396,whitney-houston,Whitney Houston
11e81bc8-d282-ac12-ba67-a0369fe50396,lost-frequencies,Lost Frequencies
11e81bbe-9694-9b3e-9b4d-a0369fe50396,christina-aguilera,Christina Aguilera
11e81bd3-4a1f-de5c-8a88-a0369fe50396,mariah-carey,Mariah Carey
11e81bc1-8038-5986-befd-a0369fe50396,kid-cudi,Kid Cudi
d5adfc7a-6bf4-11e9-849a-801844edfa71,nicki-nicole,Nicki Nicole
11e81bcc-9d37-6a3a-b044-a0369fe50396,john-legend,John Legend
11e81bba-bf16-16e0-86c9-a0369fe50396,mark-ronson,Mark Ronson
11e81bba-56a5-1912-b97a-a0369fe50396,martin-garrix,Martin Garrix
11e81bcc-7d61-b332-89c0-a0369fe50396,zara-larsson,Zara Larsson
11e81bd2-ddd7-d8b2-8c0d-a0369fe50396,conan-gray,Conan Gray
11e81bcd-7be4-9848-9e44-a0369fe50396,niall-horan,Niall Horan
48594eda-ec35-11e9-87cb-801844ee83a6,eslabon-armado,Eslabon Armado
11e81bbb-44be-7a58-851d-a0369fe50396,tini,TINI
11e83fea-7efc-a08e-aabc-aa1c026db3d8,duki,Duki
11e81bd1-e96f-6efc-a5d8-a0369fe50396,blackpink,BLACKPINK
1413177f-7d2f-42fd-9faa-cb4ac2daba63,yng-lvcas,Yng Lvcas
11e81bbb-fd11-fa62-8ae4-a0369fe50396,aerosmith,Aerosmith
11e81bc3-ed6b-5646-9612-a0369fe50396,twenty-one-pilots,twenty one pilots
11e83fe7-2483-1e4c-bb40-a0369fe50396,central-cee,Central Cee
11e81bc3-07ba-3702-979f-a0369fe50396,dr-dre,Dr. Dre
11e81bc3-412c-4d36-b30a-a0369fe50396,alok,Alok
11e81bbe-e4ef-b232-ba90-a0369fe50396,anitta,Anitta
11e81bc8-75ff-fec2-ba51-a0369fe50396,sech,Sech
11e81bc6-b9ba-cf54-8706-a0369fe50396,fall-out-boy,Fall Out Boy
11e81bbe-e686-43a4-835c-a0369fe50396,2pac,2Pac
11e81bc2-bc7f-4cf0-9293-a0369fe50396,wisin-yandel,Wisin & Yandel
11e83fee-1469-bdfc-86ec-aa1c026db3d8,roddy-ricch,Roddy Ricch
11e81bc6-dcd3-4796-8752-a0369fe50396,childish-gambino,Childish Gambino
11e81bba-bbc8-ff20-84ef-a0369fe50396,swedish-house-mafia,Swedish House Mafia
11e81bd0-6726-daf8-a2d2-a0369fe50396,mac-miller,Mac Miller
11e81bc0-61c5-3b5a-a359-a0369fe50396,major-lazer,Major Lazer
67d3c8b4-c5bf-11e8-ba39-549f35141000,disney-4,Disney
11e81bbe-9484-8b1a-a866-a0369fe50396,jennifer-lopez-1,Jennifer Lopez
11e81bd1-f54d-6bd4-9d4a-a0369fe50396,the-notorious-b-i-g,The Notorious B.I.G.
11e81bbf-2d1c-3a80-8e0e-a0369fe50396,zayn,ZAYN
11e81bc6-e57d-de24-aae9-a0369fe50396,enrique-iglesias,Enrique Iglesias
11e81bc9-1a14-2c5e-a4e1-a0369fe50396,akon,Akon
67909e2c-d6c7-11e8-a55c-525400009efb,tainy,Tainy
11e81bc8-dfb7-0d60-93ba-a0369fe50396,skrillex,Skrillex
52b77bd8-c367-11e8-8cf4-525400009efb,meduza,Meduza
11e81bd3-560d-fc80-ac27-a0369fe50396,anderson-paak,Anderson .Paak
11e81bc9-9885-88ee-aeb1-a0369fe50396,pnau,Pnau
11e81bc3-9dee-9ab0-adce-a0369fe50396,billy-joel,Billy Joel
11e81bc8-7b83-007e-9e8e-a0369fe50396,ruth-b,Ruth B.
11e81bc8-870f-80fc-88ce-a0369fe50396,luis-fonsi,Luis Fonsi
11e81bbc-3453-fa3e-b393-a0369fe50396,vance-joy,Vance Joy
07f53852-c258-11e8-902f-525400009efb,natanael-cano,Natanael Cano
11e81bc7-854a-7962-852e-a0369fe50396,clean-bandit,Clean Bandit
11e81bbc-7db5-5a74-adca-a0369fe50396,ne-yo,Ne‐Yo
11e81bd1-8d57-3974-a884-a0369fe50396,radiohead,Radiohead
11e81bc4-36fc-920c-ac96-a0369fe50396,the-killers-3,The Killers
11e81bcc-6c7c-b3dc-9552-a0369fe50396,u2-1,U2
11e81bc9-ac75-9c72-985c-a0369fe50396,steve-aoki,Steve Aoki
11e81bbb-7e9e-f108-b6cf-a0369fe50396,r3hab,R3HAB
ab3c6ed6-45f2-11e9-857e-00163ec5a2fb,fifty-fifty-6,Fifty Fifty
11e81bbd-8f8e-d58a-8b3f-a0369fe50396,zion-lennox,Zion & Lennox
11e81bcb-1dc6-39ee-adcf-a0369fe50396,jonas-brothers,Jonas Brothers
11e81bd2-aeb3-174a-b7b5-a0369fe50396,tory-lanez,Tory Lanez
11e81bd1-f96d-38e8-bf95-a0369fe50396,felix-jaehn,Felix Jaehn
11e81bbf-6efa-8312-b5b3-a0369fe50396,nengo-flow,Ñengo Flow
97348c0e-2be7-11e9-9835-549f35141000,junior-h,Junior H
11e81bc8-259c-0ffc-bd49-a0369fe50396,jonas-blue,Jonas Blue
11e81bc3-f441-f3bc-b34a-a0369fe50396,daft-punk,Daft Punk
11e81bc0-14b3-bdf0-bf64-a0369fe50396,lil-durk,Lil Durk
11e81bbc-63f6-daae-ab32-a0369fe50396,vishal-shekhar,Vishal-Shekhar
11e81bbe-7bac-7332-99e9-a0369fe50396,big-sean,Big Sean
11e81bc8-b92d-2382-8d82-a0369fe50396,5-seconds-of-summer,5 Seconds of Summer
11e81bc6-edf3-92c4-9ea5-a0369fe50396,macklemore-ryan-lewis,Macklemore & Ryan Lewis
d61df03c-b8eb-11e8-a419-525400009efb,fuerza-regida,Fuerza Regida
72f06393-8692-4b06-88e8-f9b67223f384,newjeans,NewJeans
ca78f6fd-2587-46f7-b4fd-f3d3a73866d0,jid,JID
11e81bca-9003-5cf4-bdf7-a0369fe50396,alesso,Alesso
11e81bbe-9f44-2a1a-bf16-a0369fe50396,pink-floyd,Pink Floyd
11e83fef-0084-1e62-a933-aa1c026db3d8,summer-walker-2,Summer Walker
11e81bca-5866-1db8-a31d-a0369fe50396,nelly-furtado,Nelly Furtado
11e81bbb-52a9-0a7a-be8c-a0369fe50396,justin-quiles,Justin Quiles
11e81bc0-b5aa-9db4-a77e-a0369fe50396,melanie-martinez,Melanie Martinez
7935b834-d3b0-11e8-a3bb-549f35141000,camilo-5,Camilo
19946ab0-efba-4ff2-a4db-318961ad6626,grupo-frontera-1,Grupo Frontera
b3090e86-c658-11e8-85c7-549f35141000,maria-becerra-1,Maria Becerra
11e81bca-ce54-2eb6-8144-a0369fe50396,bastille-2,Bastille
11e81bd0-ee0f-2980-a7dd-a0369fe50396,foo-fighters,Foo Fighters
11e81bc7-062c-22f2-b2ba-a0369fe50396,danny-ocean,Danny Ocean
11e81bc7-7525-06d8-82b5-a0369fe50396,christian-nodal,Christian Nodal
11e81bc4-0efa-227e-bce8-a0369fe50396,lorde-1,Lorde
11e81bbf-cef9-2ed0-89d2-a0369fe50396,reik,Reik
11e81bc0-e30b-4b78-a48d-a0369fe50396,eagles,Eagles
11e81bd1-c660-070a-8107-a0369fe50396,blackbear,blackbear
11e81bd3-53dc-0ce0-9e97-a0369fe50396,outkast,OutKast
2f74e176-c3c4-11e8-a260-525400009efb,lil-tjay,Lil Tjay
11e81bbc-9f68-2f2a-b570-a0369fe50396,tanishk-bagchi,Tanishk Bagchi
11e81bc7-5ad1-f3cc-93e2-a0369fe50396,trippie-redd,Trippie Redd
11e83feb-929b-cd4e-b5b6-aa1c026db3d8,mora-3,Mora
11e81bc9-c54d-6c52-b4f0-a0369fe50396,de-la-ghetto,De La Ghetto
11e81bca-da35-5aac-bfb1-a0369fe50396,becky-hill,Becky Hill
11e81bc7-c1bf-cfa0-9250-a0369fe50396,phil-collins,Phil Collins
11e81bbb-75e6-c7fc-bab0-a0369fe50396,paramore-1,Paramore
e49abe34-a584-11e9-bf06-801844edfa71,cris-mj,Cris Mj
b373a31c-b8ee-11e8-8ea7-525400009efb,ovy-on-the-drums-1,Ovy on the Drums
11e83fef-1266-484e-b2d4-a0369fe50396,carin-leon,Carin Leon
11e81bca-7903-b058-9495-a0369fe50396,bryan-adams,Bryan Adams
11e81bd3-4f40-8382-9f4b-a0369fe50396,amitabh-bhattacharya,Amitabh Bhattacharya
11e81bc6-f66c-ec2a-8bf2-a0369fe50396,lauv,Lauv
11e81bbe-2b6c-5f54-a908-a0369fe50396,led-zeppelin,Led Zeppelin
11e81bc2-416c-d87a-a5d9-a0369fe50396,nf-1,NF
11e81bd1-38a7-43ce-9019-a0369fe50396,a-boogie-wit-da-hoodie,A Boogie Wit da Hoodie
8464df52-d6be-11e9-9631-549f35161576,imanbek,Imanbek
11e81bbe-ee15-f57e-8742-a0369fe50396,oasis-1,Oasis
d8d4f7fa-1131-11e9-a419-549f35161576,lizzy-mcalpine,Lizzy McAlpine
11e81bbc-6c0d-d346-a918-a0369fe50396,luke-combs,Luke Combs
11e81bd2-5803-ea82-862e-a0369fe50396,dean-lewis,Dean Lewis
11e81bca-9550-1224-ab30-a0369fe50396,timbaland,Timbaland
11e81bcf-4a33-6520-81e8-a0369fe50396,george-ezra,George Ezra
11e81bc8-05d9-d8f2-b415-a0369fe50396,stevie-wonder,Stevie Wonder
11e81bcd-86a6-803e-9329-a0369fe50396,youngboy-never-broke-again,Youngboy Never Broke Again
11e81bbe-d1c4-0f28-9fdf-a0369fe50396,migos,Migos
11e81bd0-9739-82e0-9e9e-a0369fe50396,little-mix,Little Mix
11e81bc6-96a7-9bfa-9960-a0369fe50396,kesha,Kesha
11e81bcb-39ac-9ea0-89ce-a0369fe50396,troye-sivan,Troye Sivan
11e81bcd-0d11-0f64-a54f-a0369fe50396,gesaffelstein,Gesaffelstein
11e81bc3-cd64-2dd2-acb4-a0369fe50396,brent-faiyaz,Brent Faiyaz
11e81bc0-553d-27bc-a7aa-a0369fe50396,avril-lavigne,Avril Lavigne
11e81bc1-aa96-59bc-9689-a0369fe50396,elvis-presley,Elvis Presley
11e8a772-2ec8-bd06-b3d8-525400009efb,benny-blanco-5,benny blanco
11e81bc3-ca54-9910-83a9-a0369fe50396,the-lumineers,The Lumineers
18029556-a217-11e9-862a-549f35161576,bob-marley-the-wailers-27,Bob Marley & The Wailers
11e81bc1-c27d-e892-a8c1-a0369fe50396,jubin-nautiyal,Jubin Nautiyal
11e81bc8-c418-be6e-b9ed-a0369fe50396,toto-3,Toto
11e81bd2-c8bd-2504-a206-a0369fe50396,julia-michaels,Julia Michaels
b6b06fd0-1afd-11e9-9a89-00163ec5a2fb,nle-choppa,NLE Choppa
11e81bbe-aa1f-ed84-a3bc-a0369fe50396,journey,Journey
11e81bcd-b85f-34ae-a64d-a0369fe50396,journey-1,Journey
11e81bd1-b950-adee-a958-a0369fe50396,cigarettes-after-sex,Cigarettes After Sex
11e81bbf-5126-6e6e-a8d5-a0369fe50396,dj-luian,DJ Luian
11e81bc2-1d37-d036-a0a6-a0369fe50396,bomba-estereo,Bomba Estéreo
11e81bca-d5f1-e7c6-a776-a0369fe50396,mambo-kingz,Mambo Kingz
11e81bcd-a0ae-86c0-8c3a-a0369fe50396,partynextdoor,PARTYNEXTDOOR
11e81bc3-0191-1314-a200-a0369fe50396,french-montana,French Montana
11e81bba-55f0-0324-a0ac-a0369fe50396,r-e-m,R.E.M.
11e81bc0-4e19-7c10-99f1-a0369fe50396,dire-straits,Dire Straits
11e81bcc-7166-5254-ac40-a0369fe50396,alec-benjamin,Alec Benjamin
11e81bce-a47c-6a78-b1a6-a0369fe50396,natti-natasha,Natti Natasha
11e81bbf-4b29-f4b8-b692-a0369fe50396,mac-demarco,Mac DeMarco
11e81bbe-5b34-a426-8614-a0369fe50396,alessia-cara,Alessia Cara
14ff75bc-4c73-11e9-a24b-549f35141000,burna-boy,Burna Boy
11e81bc0-9ad1-0992-81a2-a0369fe50396,david-bowie,David Bowie
11e83fe4-a6a1-a798-96c9-a0369fe50396,joel-corry,Joel Corry
11e81bbb-9588-ad3c-8fe5-a0369fe50396,john-mayer,John Mayer
11e81bc0-2862-3782-b9b7-a0369fe50396,6lack,6LACK
11e81bbe-c5d3-97a6-9911-a0369fe50396,el-alfa,El Alfa
11e81bbe-db82-11fe-a848-a0369fe50396,tears-for-fears,Tears for Fears
11e81bc6-bbc0-7b1e-9642-a0369fe50396,juanes,Juanes
11e81bbd-00ba-0442-824d-a0369fe50396,zedd,Zedd
11e81bbb-8b8e-3ea0-8ab7-a0369fe50396,rels-b,Rels B
11e81bd3-0841-beba-ab54-a0369fe50396,system-of-a-down,System of a Down
11e81bc4-3a05-3cec-8691-a0369fe50396,marvin-gaye,Marvin Gaye
500115ae-36e1-46b1-b634-eda140582522,blink-182-9,blink-182
11e81bbc-6851-9ca6-a6c5-a0369fe50396,bryson-tiller,Bryson Tiller
11e81bbc-ffdb-fc6a-9698-a0369fe50396,shaggy-1,Shaggy
11e81bcd-4475-28fa-8949-a0369fe50396,the-offspring,The Offspring
11e81bc7-ffc4-a942-baef-a0369fe50396,playboi-carti,Playboi Carti
11e81bcb-0321-b276-b9db-a0369fe50396,piso-21,Piso 21
11e81bc4-2ed3-2e56-9281-a0369fe50396,jason-mraz,Jason Mraz
11e81bd0-73c7-0fb2-8bcf-a0369fe50396,luis-miguel,Luis Miguel
11e81bba-dec0-c792-8a84-a0369fe50396,the-cure,The Cure
11e81bc3-95c2-3414-9293-a0369fe50396,mana-5,Maná
11e81bc9-2a4c-bb9a-811e-a0369fe50396,backstreet-boys,Backstreet Boys
11e81bc3-019f-0776-8b51-a0369fe50396,b-o-b-2,B.o.B
60944a22-7990-4952-9513-c09492a22a07,nicky-youre,Nicky Youre
11e81bbe-1bd7-ddac-a5c8-a0369fe50396,earth-wind-fire,"Earth, Wind & Fire"
336ba855-c342-4246-8755-2ce13801f9a4,gabito-ballesteros,Gabito Ballesteros
11e81bbc-5c7f-c394-abab-a0369fe50396,kelly-clarkson,Kelly Clarkson
11e81bc1-0945-4f32-89c5-a0369fe50396,jax-jones,Jax Jones
a1808c9e-c3c3-11e8-878c-525400009efb,baby-keem,Baby Keem
11e81bce-c8ee-69a6-8bbf-a0369fe50396,russ,Russ
11e81bbc-265d-c900-b326-a0369fe50396,ella-henderson,Ella Henderson
11e81bbd-8fe8-dc6a-812a-a0369fe50396,tove-lo,Tove Lo
11e81bc9-359e-1606-8ae4-a0369fe50396,topic,Topic
11e81bca-bc19-ea74-9f43-a0369fe50396,aventura,Aventura
11e81bbd-1828-ef9e-96e5-a0369fe50396,udit-narayan,Udit Narayan
11e81bbf-5647-215e-b0f8-a0369fe50396,quavo,Quavo
11e81bca-ab0a-98d2-851b-a0369fe50396,carly-rae-jepsen,Carly Rae Jepsen
11e81bbe-5382-90e4-9680-a0369fe50396,ice-cube,Ice Cube
11e81bba-5726-6fa8-8fe6-a0369fe50396,jessie-j,Jessie J
11e81bc2-f631-7522-8ec2-a0369fe50396,train,Train
11e81bcb-5c3f-0ade-9d75-a0369fe50396,train-2,Train
ef11fe60-b714-4e68-aace-02a34ecf6ec6,arcane-30,Arcane
1ee9564c-a0da-4971-9e15-55042b9cce38,jimin-7,Jimin
11e81bc7-d7ab-9772-977d-a0369fe50396,the-script,The Script
dd4cfe36-1023-11e9-9dd8-549f35161576,luis-r-conriquez,Luis R Conriquez
11e81bba-aa3c-8902-9ce2-a0369fe50396,plan-b,Plan B
11e81bc4-3da0-4ac2-a795-a0369fe50396,vishal-dadlani,Vishal Dadlani
11e81bc7-5edd-356c-8f6d-a0369fe50396,morat,Morat
d52b11d2-b8cd-11e8-8a33-525400009efb,a-ha-2,a-ha
11e81bc4-0bc7-f874-96b5-a0369fe50396,chris-stapleton,Chris Stapleton
11e81bd0-73fe-bc50-b62f-a0369fe50396,rex-orange-county,Rex Orange County
36a7bf90-5aea-11ea-b8e5-e4434b16cb78,hotel-ugly,Hotel Ugly
11e81bd0-b6e3-2a9c-bba6-a0369fe50396,prince-royce,Prince Royce
11e83fe8-82eb-0502-976a-a0369fe50396,g-eazy-2,G-EAZY
11e81bd3-0ec4-0f68-bd83-a0369fe50396,alka-yagnik,Alka Yagnik
11e81bbd-36e2-f5d8-8aa9-a0369fe50396,bruce-springsteen,Bruce Springsteen
11e81bcd-1bf4-3d4e-ada4-a0369fe50396,florence-the-machine,Florence + the Machine
dacc9232-d5d8-11e8-9567-549f35141000,jay-wheeler,Jay Wheeler
11e81bc8-ec96-cbb0-8f71-a0369fe50396,shankar-mahadevan,Shankar Mahadevan
11e81bd0-8385-9446-a69f-a0369fe50396,the-cranberries,The Cranberries
11e81bc2-10d1-af92-8643-a0369fe50396,offset,Offset
d959c748-c26a-11e8-9fed-525400009efb,grupo-firme,Grupo Firme
11e81bc1-cb64-1c1a-9e85-a0369fe50396,the-1975,The 1975
8ac4922c-c67c-11e9-8c7b-e4434b16cb7a,libianca,Libianca
11e81bbb-120e-34fe-8e30-a0369fe50396,willow,Willow
11e81bbb-6056-6d20-bef4-a0369fe50396,keane,Keane
11e81bc7-4445-9dfc-9078-a0369fe50396,lil-peep,Lil Peep
11e81bbf-8a68-b970-bd2e-a0369fe50396,ricky-martin,Ricky Martin
11e81bc6-977d-a010-8553-a0369fe50396,charli-xcx,Charli XCX
11e81bc1-b43e-6a2c-9710-a0369fe50396,gabry-ponte,Gabry Ponte
11e81bc8-b698-64c4-884a-a0369fe50396,the-white-stripes,The White Stripes
11e81bc4-02b6-9e20-8463-a0369fe50396,george-michael,George Michael
b8f67236-047c-11e9-8139-549f35141000,galantis-1,Galantis
11e83fed-9d08-6984-a65d-a0369fe50396,beabadoobee,beabadoobee
11e81bba-4cdd-c99c-9816-a0369fe50396,x-ambassadors,X Ambassadors
11e81bc0-e7d5-b274-9dff-a0369fe50396,cartel-de-santa,Cartel de Santa
d4aa29b9-a3e7-4261-ad6c-b3f11d9a3a0b,young-miko,Young Miko
11e81bca-a22c-42b0-a243-a0369fe50396,nickelback,Nickelback
11e81bd1-da0e-99b0-bf77-a0369fe50396,carlos-vives,Carlos Vives
11e81bc3-732e-a482-9aac-a0369fe50396,mohit-chauhan,Mohit Chauhan
11e81bbf-6508-f4a6-8f01-a0369fe50396,amy-winehouse,Amy Winehouse
11e81bbc-5fe1-0fca-a442-a0369fe50396,meek-mill,Meek Mill
11e81bc7-a4e6-3dec-a7b6-a0369fe50396,depeche-mode,Depeche Mode
11e81bc8-a375-c2a6-aebf-a0369fe50396,atif-aslam,Atif Aslam
11e81bd1-827d-01f0-964b-a0369fe50396,gucci-mane,Gucci Mane
e2067dd8-c679-11e8-9f49-549f35141000,24kgoldn,24kgoldn
11e81bd2-e52b-1db8-938e-a0369fe50396,lynyrd-skynyrd,Lynyrd Skynyrd
ca22091a-3c00-11e9-974f-549f35141000,tones-and-i,Tones and I
eb10883e-c425-11e8-9347-525400009efb,new-west-1,New West
11e83fea-91a1-0158-92b6-aa1c026db3d8,king-17,King
11e81bc6-b6c5-32e4-878b-a0369fe50396,kk-4,KK
11e81bc3-f546-b2f2-8c1e-a0369fe50396,sigala,Sigala
11e81bbf-a90f-c6c0-b819-a0369fe50396,kings-of-leon,Kings of Leon
d48ca800-b2c7-11e8-a24d-525400009efb,dan-shay-1,Dan + Shay
11e81bc0-fbeb-d432-a301-a0369fe50396,kehlani,Kehlani
ff9347a8-d86e-11e8-9f53-549f35141000,mc-ryan-sp,MC Ryan SP
11e81bc8-a570-f634-a5a5-a0369fe50396,alejandro-sanz,Alejandro Sanz
11e81bc2-29c5-6494-a092-a0369fe50396,julieta-venegas,Julieta Venegas
4627f747-9967-4cdc-99dd-42302e9c9bf6,banda-ms-de-sergio-lizarraga,Banda MS de Sergio Lizárraga
2865875c-b316-4fe9-a460-6eae4746155d,dazy-3,dazy
11e83fec-25b2-a60c-8f09-a0369fe50396,paulo-londra,Paulo Londra
11e81bcb-654c-9826-b312-a0369fe50396,lenny-tavarez,Lenny Tavárez
11e81bbc-9901-3ef6-ade3-a0369fe50396,shania-twain,Shania Twain
11e83fea-f894-b5e4-9144-a0369fe50396,aitana,Aitana
2006fdf0-c896-11e9-8c83-801844edfa71,zach-bryan,Zach Bryan
11e83fea-b246-749c-9f0e-aa1c026db3d8,lyanno,Lyanno
0d2a8248-3781-11e9-be7a-549f35161576,iann-dior,Iann Dior
9ec23c47-eabd-4016-a911-1cc54625e531,kordhell,Kordhell
11e8a7a9-24a3-dfe0-9782-525400009efb,daryl-hall-john-oates-1,Daryl Hall & John Oates
b0d66d1a-d3c8-4dfa-83e5-b36dd0e4a781,silk-sonic,Silk Sonic
11e81bc8-c65e-9f90-b3bb-a0369fe50396,rae-sremmurd,Rae Sremmurd
11e81bd1-1631-ad16-94df-a0369fe50396,annie-lennox,Annie Lennox
11e81bc9-bf90-eb86-b3a4-a0369fe50396,maren-morris,Maren Morris
11e81bc8-a976-b5ca-abd2-a0369fe50396,armaan-malik,Armaan Malik
11e81bcb-8e13-9f5c-9e59-a0369fe50396,cyndi-lauper,Cyndi Lauper
11e81bce-aaac-8c3e-902a-a0369fe50396,hailee-steinfeld,Hailee Steinfeld
11e81bc6-90bd-662a-9fd6-a0369fe50396,disclosure,Disclosure
11e81bc2-2149-1e00-b632-a0369fe50396,machine-gun-kelly-1,Machine Gun Kelly
11e83fe5-0a55-4556-a20a-a0369fe50396,migrantes,Migrantes
11e81bd2-bf8f-f09c-af84-a0369fe50396,alejandro-fernandez,Alejandro Fernández
11e83fe7-4b49-5a8c-8ec8-aa1c026db3d8,dalex,Dalex
11e81bd0-be20-cbca-bf57-a0369fe50396,los-angeles-azules,Los Ángeles Azules
8e5e735c-4c9d-11e9-8ecb-549f35141000,tiago-pzk-1,Tiago PZK
11e8aa04-ab2d-ccbc-9d98-525400009efb,tems-1,Tems
11e81bc8-fc21-b3c4-b9f5-a0369fe50396,dermot-kennedy,Dermot Kennedy
11e81bc8-851f-e19c-b4bc-a0369fe50396,my-chemical-romance,My Chemical Romance
11e81bc7-258d-e96e-ac22-a0369fe50396,sachin-jigar,Sachin-Jigar
11e81bc8-2189-3afc-8ac4-a0369fe50396,armin-van-buuren,Armin van Buuren
7aa7230e-c1ba-11e8-9237-525400009efb,grupo-marca-registrada-1,Grupo Marca Registrada
11e81bc7-02a7-9d28-8b4b-a0369fe50396,marilia-mendonca,Marília Mendonça
11e81bc7-cea8-386a-9ad1-a0369fe50396,sam-feldt,Sam Feldt
444a035f-6fed-4f3c-98a9-e86058ef51f1,jung-kook-15,Jung Kook
11e81bbf-015c-386e-98c6-a0369fe50396,syml,SYML
11e81bbb-9161-3792-8815-a0369fe50396,sunidhi-chauhan,Sunidhi Chauhan
11e81bc1-f0a5-8d4c-a7a8-a0369fe50396,sonu-nigam,Sonu Nigam
11e81bbe-48cd-24c0-a923-a0369fe50396,brray,Brray
11e81bc2-f495-268c-84e6-a0369fe50396,kate-bush,Kate Bush
11e81bcd-f1f1-2b46-97d6-a0369fe50396,tv-girl,TV Girl
4b8161a6-c283-11e8-a3a2-525400009efb,bradley-cooper,Bradley Cooper
11e81bd2-c639-95b0-9919-a0369fe50396,mnek,MNEK
11e81bc9-20ca-b16c-a5c5-a0369fe50396,black-sabbath,Black Sabbath
11e81bd1-0bdb-a934-bbaa-a0369fe50396,kiss-1,KISS
d65be632-643e-4f6e-b9b5-b1dd904b1915,ana-castela,Ana Castela
11e81bc2-c397-1892-854f-a0369fe50396,bill-withers,Bill Withers
11e81bc4-0461-4fea-a9ae-a0369fe50396,bon-iver,Bon Iver
11e81bbc-376b-689c-9ec6-a0369fe50396,gwen-stefani,Gwen Stefani
11e81bbc-460e-a8dc-8776-a0369fe50396,coolio,Coolio
11e81bc6-f414-7c7c-871b-a0369fe50396,neha-kakkar,Neha Kakkar
11e81bbc-2eb8-92e2-9a8e-a0369fe50396,jessie-reyez,Jessie Reyez
2447cbd6-4b16-11e9-9b36-549f35161576,fred-again,Fred Again
11e81bc9-004b-0b08-a9f1-a0369fe50396,destiny-s-child-1,Destiny’s Child
11e81bbc-f344-2f22-bb7b-a0369fe50396,anirudh-ravichander,Anirudh Ravichander
11e81bc9-5556-993c-8b51-a0369fe50396,pearl-jam,Pearl Jam
11e81bbd-6381-fa62-9e45-a0369fe50396,badshah,Badshah
5c2f52f1-8896-4389-94bd-0e7f836274fb,badshah-9,Badshah
35b1caf0-b8ce-11e8-a5d4-525400009efb,the-goo-goo-dolls,The Goo Goo Dolls
11e83fef-079a-26d8-bc31-aa1c026db3d8,lil-tecca,Lil Tecca
11e81bbf-6711-aedc-9916-a0369fe50396,gym-class-heroes,Gym Class Heroes
11e81bc2-6d4b-427e-ae88-a0369fe50396,clairo,Clairo
ad2c2c5a-2567-11e9-9d3a-549f35161576,lil-cake,LiL CaKe
11e81bc8-52c4-959e-8d8f-a0369fe50396,muse,Muse
11e81bc1-7eea-1128-b446-a0369fe50396,dolly-parton,Dolly Parton
11e81bc4-0f1a-a4fe-9fda-a0369fe50396,lord-huron,Lord Huron
7a7fc1db-528c-4b8d-8813-03e7e4370c0c,milo-j,Milo j
9130280a-b7f1-11e8-85fe-525400009efb,bazzi,Bazzi
d8dcfef6-ed08-11e9-8ea1-e4434b16cb78,standly,Standly
b6747326-df49-11e8-800e-549f35161576,ryan-castro,Ryan Castro
11e81bd3-507a-30fe-947f-a0369fe50396,weezer,Weezer
11e81bc1-eedc-6f3a-adc4-a0369fe50396,mike-posner,Mike Posner
17f89e08-2961-11ea-a11a-549f35141000,taiu,Taiu
11e81bc8-c72f-0590-a42a-a0369fe50396,celine-dion,Céline Dion
11e81bcc-fa13-c9c4-a19f-a0369fe50396,logic-5,Logic
11e81bc0-8c2f-bfbe-a888-a0369fe50396,noah-cyrus,Noah Cyrus
11e81bc2-a9b9-a1b0-98c5-a0369fe50396,rita-ora,Rita Ora
11e81bba-e629-920c-b83b-a0369fe50396,cage-the-elephant,Cage the Elephant
11e81bc0-71f5-fa78-af4b-a0369fe50396,marc-anthony,Marc Anthony
11e81bbf-e8f7-9736-8092-a0369fe50396,shekhar-ravjiani,Shekhar Ravjiani
11e81bbc-9be8-50b4-8ab7-a0369fe50396,foster-the-people,Foster the People
11e81bd2-3d7b-b668-a7b1-a0369fe50396,limp-bizkit,Limp Bizkit
11e81bbf-a7e5-5cce-b0ce-a0369fe50396,james-hype,James Hype
11e81bbd-eb0f-e07a-8356-a0369fe50396,scorpions,Scorpions
11e81bbf-e8b0-694c-8461-a0369fe50396,calibre-50,Calibre 50
11e83fee-9966-7eaa-82c4-a0369fe50396,girl-in-red,girl in red
11e81bba-c803-d206-9cc1-a0369fe50396,seafret,Seafret
11e81bbb-e6a4-43ac-8f18-a0369fe50396,frank-sinatra,Frank Sinatra
11e81bbc-672f-eb48-ba71-a0369fe50396,christina-perri,Christina Perri
11e81bc6-fe71-fe9c-8e61-a0369fe50396,dove-cameron,Dove Cameron
11e81bd3-3018-c988-8c38-a0369fe50396,cults,Cults
48754e97-d506-4b4e-ac11-fdf6f0fb7585,oscar-maydon,Oscar Maydon
11e83fec-1580-802e-81df-aa1c026db3d8,ckay,Ckay
11e81bbc-ff1b-af50-bd24-a0369fe50396,taio-cruz,Taio Cruz
11e81bc9-0178-9f86-ae35-a0369fe50396,aurora-5,AURORA
11e81bc1-0cf4-ef48-ab6e-a0369fe50396,nio-garcia,Nio García
11e81bbf-9e9e-1ab6-87d4-a0369fe50396,yg,YG
11e81bca-839b-a8b8-a1a1-a0369fe50396,the-game-2,The Game
11e81bbb-b807-c744-a812-a0369fe50396,milky-chance,Milky Chance
11e81bc3-a4d4-67ce-b9c7-a0369fe50396,boney-m,Boney M.
11e81bcb-1eca-8228-9b4b-a0369fe50396,wisin,Wisin
11e81bc7-f2a3-0394-acaa-a0369fe50396,rick-ross-1,Rick Ross
11e81bc9-2fab-9426-929e-a0369fe50396,jesse-joy,Jesse & Joy
11e81bc3-360e-3270-baa2-a0369fe50396,dj-nelson,DJ Nelson
11e81bce-4f8a-4ce2-a1f7-a0369fe50396,chinmayi,Chinmayi
11e81bc8-d6fe-8554-8b1b-a0369fe50396,jack-johnson-1,Jack Johnson
11e81bbc-7c2e-5b2e-bd9b-a0369fe50396,the-strokes,The Strokes
11e81bc9-9c30-c3dc-9f1c-a0369fe50396,madison-beer,Madison Beer
11e81bc1-4852-9afe-8bb0-a0369fe50396,passenger-2,Passenger
11e81bbc-7cb6-bc8a-8580-a0369fe50396,selena-gomez-the-scene,Selena Gomez & The Scene
11e81bca-65db-957c-92f0-a0369fe50396,mgmt,MGMT
11e81bc3-7d53-304a-8fe5-a0369fe50396,shilpa-rao,Shilpa Rao
11e81bcc-e79f-4b4c-92a3-a0369fe50396,florida-georgia-line,Florida Georgia Line
11e81bc8-9ed6-4c02-ad29-a0369fe50396,h-e-r-2,H.E.R.
11e81bc7-2639-3c92-be87-a0369fe50396,empire-of-the-sun,Empire of the Sun
11e81bca-312c-7b84-a8f1-a0369fe50396,kane-brown,Kane Brown
11e81bca-98db-3d74-aae9-a0369fe50396,mau-y-ricky,Mau y Ricky
11e81bbe-201d-d3d0-b073-a0369fe50396,lil-yachty,Lil Yachty
827ee018-c1a5-11e8-bcf6-525400009efb,lin-manuel-miranda-1,Lin-Manuel Miranda
11e81bc8-6267-e6cc-a830-a0369fe50396,jeremih,Jeremih
11e81bc2-2ad5-0fba-ab5a-a0369fe50396,slipknot,Slipknot
11e81bbd-e320-3dc4-bb66-a0369fe50396,javed-ali,Javed Ali
11e81bc0-04fd-6aaa-acf7-a0369fe50396,tony-dize,Tony Dize
11e81bbc-6613-428c-91e9-a0369fe50396,van-morrison,Van Morrison
11e81bbb-4856-d9f8-9328-a0369fe50396,sean-kingston,Sean Kingston
11e81bc6-8fe1-8cfe-bcf9-a0369fe50396,chase-atlantic,Chase Atlantic
11e81bc0-cdf9-6814-be99-a0369fe50396,aretha-franklin,Aretha Franklin
6e832ae4-4989-11e9-b2f3-549f35161576,goodboys,Goodboys
11e81bc0-76a3-15ce-9b74-a0369fe50396,twice-5,TWICE
8ebe7f00-c97c-48db-bdaa-c1efe17c82ae,jisoo-4,JISOO
11e81bbb-8259-2da4-9bc5-a0369fe50396,van-halen,Van Halen
11e81bc8-ef9b-8aee-8f0a-a0369fe50396,zendaya,Zendaya
11e83fe2-a5e6-786c-98c1-a0369fe50396,shankar-ehsaan-loy-1,Shankar-Ehsaan-Loy
51979b1e-c1ca-11e8-accd-525400009efb,normani,Normani
11e81bcd-e06d-4c10-9b27-a0369fe50396,t-pain,T‐Pain
11e81bc6-f355-f586-87a8-a0369fe50396,thundercat,Thundercat
11e81bc0-0cc2-525a-a858-a0369fe50396,pablo-alboran,Pablo Alborán
11e81bc2-45a9-cfba-a94f-a0369fe50396,eric-clapton,Eric Clapton
11e81bbd-48a0-ebfe-bbfe-a0369fe50396,bring-me-the-horizon,Bring Me the Horizon
11e81bc8-4e6c-22e6-a141-a0369fe50396,asees-kaur,Asees Kaur
38c51eee-ccbe-477c-90ec-dae1d47508eb,ms-lauryn-hill,Ms. Lauryn Hill
11e81bc0-034c-3f2e-9733-a0369fe50396,lukas-graham,Lukas Graham
11e81bc1-ad62-f74a-9865-a0369fe50396,simon-garfunkel,Simon & Garfunkel
5d0cac3c-c1c0-11e8-b5aa-525400009efb,keshi,keshi
11e88acc-c204-fd7c-85ac-c81f66c9b203,polima-westcoast,Polimá Westcoast
11e81bc0-1f55-75dc-9a71-a0369fe50396,neeti-mohan,Neeti Mohan
11e81bd0-ba85-1e94-bd60-a0369fe50396,gayle,Gayle
1c49e44a-8625-4fc2-9bbd-95c161c1ff8a,gayle-1,GAYLE
11e81bbe-1fe6-cd68-985c-a0369fe50396,the-walters,The Walters
11e81bbf-0ff7-241a-b15c-a0369fe50396,james-bay,James Bay
501daf13-8678-42e8-8f79-51ae0191160a,chino-pacas,Chino Pacas
11e81bba-722d-dfe8-8d3a-a0369fe50396,paul-mccartney,Paul McCartney
11e81bba-f2e5-05a8-a676-a0369fe50396,michael-buble,Michael Bublé
11e81bbc-9034-281a-94f8-a0369fe50396,justine-skye,Justine Skye
11e81bc6-6b4b-29ea-b9a8-a0369fe50396,jorge-mateus,Jorge & Mateus
edd105b8-9c82-11e9-85cb-801844edfa71,internet-money,Internet Money
11e81bc0-3a41-010e-a27b-a0369fe50396,jaymes-young,Jaymes Young
15980ca8-c688-11e8-9726-549f35161576,dominic-fike,Dominic Fike
11e81bd1-121e-d38e-bdea-a0369fe50396,santana-3,Santana
11e81bce-2da4-f212-bdba-a0369fe50396,jeremy-zucker,Jeremy Zucker
11e81bc1-6027-cfb4-9fcb-a0369fe50396,fergie-1,Fergie
83613152-1a42-11e9-96d6-549f35161576,sachet-tandon,Sachet Tandon
11e81bbc-9673-ee22-82e9-a0369fe50396,evanescence,Evanescence
11e81bd2-1043-fd90-abbb-a0369fe50396,jhene-aiko,Jhené Aiko
11e81bc4-04e7-ee9c-a78a-a0369fe50396,johnny-cash-1,Johnny Cash
11e83feb-0612-73aa-9d69-a0369fe50396,b-praak,B. Praak
897e82d2-8529-4932-9ad4-4f8ae442d379,fast-boy,FAST BOY
11e81bca-a65c-9ea2-a039-a0369fe50396,moneybagg-yo,Moneybagg Yo
11e81bc3-0dd5-c9da-ba58-a0369fe50396,dnce,DNCE
11e81bcc-9b60-98da-8df5-a0369fe50396,blondie,Blondie
11e81bca-dfd2-50dc-8ea8-a0369fe50396,the-beach-boys,The Beach Boys
11e81bbb-afbc-7580-bd2a-a0369fe50396,electric-light-orchestra,Electric Light Orchestra
11e81bc7-bf8d-7a5c-827e-a0369fe50396,beach-house,Beach House
11e81bcc-d3f9-2748-92c8-a0369fe50396,jonita-gandhi,Jonita Gandhi
11e81bbc-b59f-48c8-8341-a0369fe50396,tulsi-kumar,Tulsi Kumar
11e81bcc-d401-9b76-9638-a0369fe50396,regard,Regard
11e81bca-b6ae-af3e-b6d8-a0369fe50396,henrique-juliano,Henrique & Juliano
11e81bcd-7c5e-b560-b4a7-a0369fe50396,dave-stewart,Dave Stewart
440f0f3d-170e-4be3-ac0a-182326bf51f6,ayra-starr-1,Ayra Starr
11e81bbb-8435-2ab0-8923-a0369fe50396,robbie-williams,Robbie Williams
11e83fe7-4dda-e482-abee-a0369fe50396,mc-don-juan,Mc Don Juan
5eff5a16-b890-472a-8e83-7b8bdb19c45e,blessd-2,Blessd
11e81bd3-4cd7-c81c-b638-a0369fe50396,kungs,Kungs
11e81bc2-7e73-5654-b6ab-a0369fe50396,the-clash,The Clash
11e81bc9-c011-e434-b2f8-a0369fe50396,busta-rhymes,Busta Rhymes
11e81bd1-1ca4-71e2-9c54-a0369fe50396,foreigner,Foreigner
11e81bbc-7b56-dc6c-8b38-a0369fe50396,a-ap-ferg,A$AP Ferg
a4fa9d56-c332-11e8-8781-525400009efb,yeat-1,YEAT
e09e5307-8ecf-489d-83b2-874e3b90f350,anna-mae-kelly,Mae Stephens
11e81bce-1caa-dbf2-8580-a0369fe50396,rvssian,Rvssian
11e81bc8-f52a-1296-9548-a0369fe50396,matheus-kauan,Matheus & Kauan
11e81bc7-0ae1-6884-b051-a0369fe50396,missy-elliott,Missy Elliott
11e81bcd-23ba-f3e2-8f01-a0369fe50396,papa-roach,Papa Roach
11e81bc9-d6ae-3c2e-8f96-a0369fe50396,eurythmics,Eurythmics
11e81bbf-9817-d484-a6db-a0369fe50396,t-i-1,T.I.
11e81bca-432f-5ac2-8ec0-a0369fe50396,james-blunt,James Blunt
11e81bca-174b-7bde-8596-a0369fe50396,the-doors,The Doors
11e81bc3-4250-3a24-9f27-a0369fe50396,wesley-safadao,Wesley Safadão
2679eaba-207d-11e9-a633-549f35141000,a7s,A7S
11e81bc2-cafe-06fe-a41b-a0369fe50396,danna-paola,Danna Paola
fba75037-515e-435d-b962-4dba926da8c9,latto,Latto
11e81bc0-88de-5e7e-aa3c-a0369fe50396,amaal-mallik,Amaal Mallik
11e81bc2-7387-effc-a7fd-a0369fe50396,the-smiths,The Smiths
11e81bc1-315d-9d94-995c-a0369fe50396,rahat-fateh-ali-khan,Rahat Fateh Ali Khan
11e81bd2-27d7-414c-aafb-a0369fe50396,the-pussycat-dolls,The Pussycat Dolls
11e81bc8-514b-866e-abac-a0369fe50396,beach-weather,Beach Weather
11e81bbe-98b5-bdc6-9f9f-a0369fe50396,amit-trivedi,Amit Trivedi
11e81bc1-0407-6122-9c63-a0369fe50396,devi-sri-prasad,Devi Sri Prasad
11e81bcd-e62c-697e-be9b-a0369fe50396,darshan-raval,Darshan Raval
11e81bbd-de34-d5f4-ab68-a0369fe50396,stromae,Stromae
11e81bc3-e3c9-8810-a854-a0369fe50396,ze-felipe,Zé Felipe
11e81bcb-3ecb-acd2-90b0-a0369fe50396,paloma-faith,Paloma Faith
11e81bbe-8744-6e16-9126-a0369fe50396,mitski,Mitski
11e81bbb-5c89-a3ec-97a7-a0369fe50396,yuridia,Yuridia
11e81bbe-4511-d740-a842-a0369fe50396,illenium,ILLENIUM
11e81bbc-ecc1-4ff4-8bf6-a0369fe50396,prince-1,Prince
11e81bc3-2f8f-d9da-bbc3-a0369fe50396,rod-stewart,Rod Stewart
11e81bc1-3225-1c2a-9447-a0369fe50396,rochak-kohli,Rochak Kohli
11e81bc7-0c60-9dc4-a3b0-a0369fe50396,mithoon,Mithoon
11e83fe7-09fb-36ea-84d2-a0369fe50396,shouse,Shouse
11e81bcb-74a3-8aa0-af68-a0369fe50396,john-lennon,John Lennon
11e81bd1-b8ce-dddc-8550-a0369fe50396,lionel-richie,Lionel Richie
0ac12a1c-a542-46f9-8ef0-f3ad20f5d3bc,speed-radio,Speed Radio
11e81bc3-c896-3912-bd83-a0369fe50396,seeb,SeeB
11e83fe9-413c-09e8-b39c-aa1c026db3d8,mustard-3,Mustard
11e81bc1-1627-7234-ab31-a0369fe50396,los-enanitos-verdes,Los Enanitos Verdes
11e83fed-ca2c-8d46-9166-aa1c026db3d8,acraze,Acraze
11e81bcb-7cb5-33ce-9ff5-a0369fe50396,chance-the-rapper,Chance the Rapper
11e81bd2-b6aa-0382-992b-a0369fe50396,billy-idol,Billy Idol
11e81bcd-e1b7-8c52-9344-a0369fe50396,brytiago,Brytiago
11e81bc8-ebf5-753a-843c-a0369fe50396,m83,M83
11e81bcd-876e-f320-954a-a0369fe50396,gusttavo-lima,Gusttavo Lima
11e81bc8-c4c2-5082-b6c1-a0369fe50396,rammstein,Rammstein
11e81bbf-6083-a1c4-97a1-a0369fe50396,timmy-trumpet,Timmy Trumpet
11e81bd1-b3ca-bfcc-857c-a0369fe50396,jowell-randy,Jowell & Randy
11e81bc9-3b5f-5b0e-8882-a0369fe50396,the-smashing-pumpkins,The Smashing Pumpkins
0b2feb92-bba6-11e8-8864-525400009efb,kenia-os,Kenia OS
11e81bc8-472c-7800-8c4a-a0369fe50396,himesh-reshammiya,Himesh Reshammiya
88ae8822-d72f-4d89-93eb-84c185907fd4,benson-boone,Benson Boone
11e81bc7-a6f0-e93e-9218-a0369fe50396,ajr,AJR
7e80cbb6-c0f1-11e8-9978-525400009efb,lunay,Lunay
11e81bcd-ca77-1ff8-b68c-a0369fe50396,uicideboy,$uicideboy$
11e81bbd-b245-4258-8492-a0369fe50396,fifth-harmony,Fifth Harmony
11e83fec-4d54-429c-b2ca-a0369fe50396,miggy-dela-rosa,Miggy Dela Rosa
11e81bd1-4b15-c9f4-8bcd-a0369fe50396,purple-disco-machine,Purple Disco Machine
11e81bca-351d-5a38-a1f4-a0369fe50396,key-glock,Key Glock
11e81bcb-1cc1-8238-ae83-a0369fe50396,lata-mangeshkar,Lata Mangeshkar
11e83fe9-6c41-bbec-b5f3-a0369fe50396,santa-fe-klan,Santa Fe Klan
11e81bd2-ba50-c444-862c-a0369fe50396,israel-rodolffo,Israel & Rodolffo
11e81bc1-e9b5-64f8-8b22-a0369fe50396,3-doors-down,3 Doors Down
6aa23d6f-ce1f-435a-9871-a8500d53cf6a,eden-munoz-1,Edén Muñoz
11e81bbd-c79d-078a-9426-a0369fe50396,nas,Nas
11e81bbf-514e-db74-9fc1-a0369fe50396,disturbed,Disturbed
11e81bd0-b7c3-e870-b81b-a0369fe50396,saint-jhn,SAINt JHN
11e81bbc-44c9-9900-94fc-a0369fe50396,gotye,Gotye
e032d2ca-b8d4-11e8-b173-525400009efb,soulja-boy,Soulja Boy
11e81bbe-4129-4b0e-b107-a0369fe50396,ofenbach,Ofenbach
11e81bbb-9e87-5424-9f0f-a0369fe50396,spice-girls,Spice Girls
11e81bbb-af69-2222-b8df-a0369fe50396,gryffin,Gryffin
11e81bcd-36cf-721e-954f-a0369fe50396,6ix9ine,6ix9ine
11e81bc2-c3da-a12a-837e-a0369fe50396,hariharan,Hariharan
11e81bcb-602a-0518-b3cc-a0369fe50396,thomas-rhett,Thomas Rhett
11e81bca-cf24-6bf8-9b5a-a0369fe50396,kelsea-ballerini,Kelsea Ballerini
11e81bc6-6553-169c-ad18-a0369fe50396,flume,Flume
eabd3499-487d-4a89-a54a-c4708940ed04,tazzy-15,Tazzy
11e81bbc-bf50-2c16-83cf-a0369fe50396,lenny-kravitz,Lenny Kravitz
11e81bca-f02a-28ce-ba44-a0369fe50396,emilia-2,Emilia
11e81bd0-ac24-eb54-a22f-a0369fe50396,carrie-underwood,Carrie Underwood
11e83feb-9fea-b35c-81b8-aa1c026db3d8,john-newman-1,John Newman
11e81bc7-bb7c-2184-a22b-a0369fe50396,sid-sriram,Sid Sriram
11e81bc7-ba87-7e40-aebb-a0369fe50396,birdy-3,Birdy
0d54fd12-c1a6-11e8-9d3f-525400009efb,l7nnon,L7nnon
63584ba2-6266-45e6-a600-cf613558f148,pailita,Pailita
11e81bc8-2131-9432-9937-a0369fe50396,chayanne,Chayanne
b3456412-fba0-11e8-ad5b-549f35141000,thaman-s-3,Thaman S.
11e81bc8-d34c-a0da-9aa8-a0369fe50396,roxette,Roxette
11e83fed-6e99-d4f2-b85c-aa1c026db3d8,saweetie,SAWEETIE
11e81bc6-6a1a-20d0-9cd2-a0369fe50396,natalia-lafourcade,Natalia Lafourcade
11e81bba-bf3b-2a3e-b099-a0369fe50396,sting,Sting
11e81bce-981d-6d22-b11b-a0369fe50396,joan-sebastian,Joan Sebastian
11e83fe1-bffd-39c6-839a-aa1c026db3d8,angela-aguilar,Angela Aguilar
11e81bbe-34d6-5554-806c-a0369fe50396,cheat-codes,Cheat Codes
11e81bbd-8f15-b650-855c-a0369fe50396,three-days-grace,Three Days Grace
11e81bc9-ac53-e03c-bb74-a0369fe50396,carla-morrison,Carla Morrison
11e81bbc-1f99-cc72-9a07-a0369fe50396,anu-malik,Anu Malik
11e81bbe-3b97-fd02-9c7c-a0369fe50396,leon-bridges,Leon Bridges
2b8988e7-1676-4724-b35a-0c1355149fea,arizonatears-3,ARIZONATEARS
11e81bcd-da1a-f93e-bb46-a0369fe50396,ze-neto-cristiano,Zé Neto & Cristiano
11e81bc2-b626-8fc6-971d-a0369fe50396,xama,Xamã
37685794-2320-11e9-9e85-549f35161576,marina-19,MARINA
11e81bbe-a6e0-9948-a896-a0369fe50396,bob-dylan,Bob Dylan
5002b62a-f998-11e8-a137-549f35141000,juan-luis-guerra-4-40,Juan Luis Guerra 4.40
a1ec9e8b-f11f-426c-8930-a82f86ac3d84,fujii-kaze-1,Fujii Kaze
0956cdde-48c9-4384-a7dc-7470f1a86110,interworld,INTERWORLD
11e81bc7-962f-dbc8-82c6-a0369fe50396,mary-j-blige,Mary J. Blige
11e83feb-4017-eb34-93ff-aa1c026db3d8,bbno,bbno$
61f32ff6-48a1-11e9-b622-00163ec5a2fb,guilherme-benuto,Guilherme & Benuto
11e81bca-540c-b2ae-843b-a0369fe50396,la-oreja-de-van-gogh,La Oreja de Van Gogh
11e81bbf-dfe7-102c-8c1d-a0369fe50396,dmx,DMX
11e81bc0-ff1c-24f4-bdd0-a0369fe50396,maiara-maraisa,Maiara & Maraisa
11e81bce-604f-e474-a1dd-a0369fe50396,oliver-heldens,Oliver Heldens
11e81bc9-1981-d7c8-8715-a0369fe50396,kenny-loggins,Kenny Loggins
11e81bc1-a334-9b70-b39a-a0369fe50396,andy-grammer,Andy Grammer
11e81bcc-c22b-07f2-b655-a0369fe50396,tracy-chapman,Tracy Chapman
11e81bc2-6d8a-1148-9df4-a0369fe50396,darell,Darell
82cf769e-b2b5-11e8-9236-525400009efb,loud-luxury-x-anders,Loud Luxury x anders
11e81bc7-6455-ff9c-9bc7-a0369fe50396,c-tangana,C.Tangana
1962fe7a-dd29-11e9-8e77-549f35141000,c-tangana-15,C. Tangana
11e81bc8-6452-211e-9dde-a0369fe50396,hans-zimmer,Hans Zimmer
11e81bcc-7239-d84a-b797-a0369fe50396,rage-against-the-machine,Rage Against the Machine
11e81bcb-4c6b-82f4-8d6a-a0369fe50396,will-i-am,will.i.am
11e81bbf-2f91-feb2-ad45-a0369fe50396,korn,Korn
11e83feb-e0c3-c224-811c-aa1c026db3d8,takeoff-2,Takeoff
11e81bc0-aedf-0808-a415-a0369fe50396,gustavo-mioto,Gustavo Mioto
11e81bcd-c04a-68dc-b9b0-a0369fe50396,mumford-sons,Mumford & Sons
11e81bca-b3d9-6966-b365-a0369fe50396,jess-glynne,Jess Glynne
11e81bbd-e38b-3b4c-a7f3-a0369fe50396,omar-apollo,Omar Apollo
11e81bbe-7b44-bad0-b1e3-a0369fe50396,2-chainz,2 Chainz
11e81bbe-676d-e400-9d8c-a0369fe50396,kimbra,Kimbra
2b75561a-01fc-11ea-8413-801844ee83a6,ap-dhillon,AP Dhillon
11e81bbd-10e5-5394-ab6a-a0369fe50396,luan-santana,Luan Santana
11e81bd2-78a3-ad36-a9a3-a0369fe50396,marco-antonio-solis,Marco Antonio Solís
11e83feb-5e1a-054a-aa4e-aa1c026db3d8,la-joaqui,La Joaqui
11e83fe2-fa56-c442-a0f6-aa1c026db3d8,yusuf-cat-stevens-1,Yusuf / Cat Stevens
11e81bc2-42be-c936-9c3c-a0369fe50396,zz-top,ZZ Top
11e81bbd-83b5-63f0-b83f-a0369fe50396,max-4,Max
11e81bd0-8cf7-a2bc-8ce0-a0369fe50396,manu-chao,Manu Chao
11e81bbf-3058-abca-9e65-a0369fe50396,counting-crows,Counting Crows
9df38cba-7145-4e9c-af24-d39b67a151da,lisa-116,LISA
420799b0-c607-11e8-a2ce-549f35141000,tony-aguirre-1,Tony Aguirre
11e81bbd-88ae-6f32-a1d4-a0369fe50396,tlc,TLC
11e81bc4-23d2-50ae-8eaa-a0369fe50396,dimitri-vegas-like-mike,Dimitri Vegas & Like Mike
18b3ca10-2004-4c87-9357-359ef470d475,isabel-larosa,Isabel LaRosa
11e81bbb-c665-5f04-b1b9-a0369fe50396,owl-city,Owl City
11e81bd1-3519-cb1e-b8d1-a0369fe50396,chief-keef,Chief Keef
11e81bca-7268-8dae-b03c-a0369fe50396,tammi-terrell,Tammi Terrell
11e8632c-93c2-8e6a-82d3-a0369fe50396,shiloh-dynasty,Shiloh Dynasty
11e81bba-8c47-89ce-a6a4-a0369fe50396,niki,niki
11e83feb-eba2-f66a-a960-aa1c026db3d8,cazzu,Cazzu
11e81bcd-5bda-e02a-84d6-a0369fe50396,thalia-1,Thalía
11e8aa01-934e-a8b2-92fd-525400009efb,pink-sweat,Pink Sweat$
ad7278dc-b7fc-11e8-8cb1-525400009efb,olivia-newton-john-4,Olivia Newton-John
11e81bcc-beb2-6de0-b4ac-a0369fe50396,ski-mask-the-slump-god,"Ski Mask, the Slump God"
11e81bd1-e813-cd28-96c2-a0369fe50396,eyedress,Eyedress
6daae33b-caf4-49fd-b4e2-09842dec886f,xanemusic,Xanemusic
11e81bca-f724-3700-b823-a0369fe50396,s-p-balasubrahmanyam,S. P. Balasubrahmanyam
11e83fed-38f4-a642-9dff-aa1c026db3d8,khea,Khea
11e81bc1-0a7e-5f10-b8c5-a0369fe50396,gigi-d-agostino-2,Gigi D’Agostino
11e81bd3-0d9b-fe98-bb69-a0369fe50396,alfredo-olivas,Alfredo Olivas
11e81bbc-1d4a-775a-b57d-a0369fe50396,yuvan-shankar-raja,Yuvan Shankar Raja
27bdf0bc-fb0a-11e8-9437-00163ec5a2fb,fivio-foreign,Fivio Foreign
ca732cb2-b8db-11e8-bc25-525400009efb,freddie-dredd,Freddie Dredd
11e81bbf-4388-94d0-8602-a0369fe50396,tom-grennan,Tom Grennan
11e81bc1-ebe3-96aa-903b-a0369fe50396,amine-1,Aminé
11e81bbb-81fe-fbc2-a1ba-a0369fe50396,baby-rasta,Baby Rasta
11e81bc7-a3c4-1d94-881e-a0369fe50396,joey-bada,Joey Bada$$
11e81bcd-6922-4804-bb2d-a0369fe50396,mon-laferte,Mon Laferte
11e81bc7-fa0c-7e12-b496-a0369fe50396,sasha-sloan,Sasha Sloan
11e81bd1-aef6-c1b2-b870-a0369fe50396,wham,Wham!
11e81bd2-0fb5-09f0-acd8-a0369fe50396,pixies,Pixies
11e81bc9-92ff-f404-ac5d-a0369fe50396,luke-bryan,Luke Bryan
11e81bd3-3545-ac64-8994-a0369fe50396,byor,BYOR
11e81bd3-4087-d020-bb74-a0369fe50396,benny-dayal,Benny Dayal
11e81bc9-96ae-44ac-9f92-a0369fe50396,mabel-1,Mabel
11e83fe1-8bf8-a930-86d0-a0369fe50396,rag-n-bone-man,Rag'n'Bone Man
11e81bcd-6525-6d9e-9785-a0369fe50396,jimi-hendrix,Jimi Hendrix
11e81bc7-09c8-e6d4-b478-a0369fe50396,k-s-chithra,K. S. Chithra
11e83fee-5f87-31c0-afee-aa1c026db3d8,yung-baby-tate,Yung Baby Tate
11e81bbb-03ef-29f0-875b-a0369fe50396,riton,Riton
11e81bc4-2ed9-d224-b15a-a0369fe50396,leo-santana,Léo Santana
2545cad6-c1bb-11e8-abe0-525400009efb,dhvani-bhanushali,Dhvani Bhanushali
11e81bc0-aaae-3a56-8184-a0369fe50396,tina-turner,Tina Turner
11e81bbd-c601-26a4-98be-a0369fe50396,juan-gabriel,Juan Gabriel
11e81bc6-d7b7-8f24-8311-a0369fe50396,the-mamas-the-papas,The Mamas & the Papas
11e81bc3-d63d-e862-9ac6-a0369fe50396,tom-petty,Tom Petty
11e81bc1-f174-ec68-8271-a0369fe50396,vishal-mishra,Vishal Mishra
11e81bcb-0cfc-66d8-9d24-a0369fe50396,stormzy,Stormzy
11e81bd2-f6ee-6672-b810-a0369fe50396,inxs,INXS
11e83fec-a218-e602-b487-a0369fe50396,ali-gatie,Ali Gatie
11e81bbe-508a-2be0-9bff-a0369fe50396,bryant-myers,Bryant Myers
11e81bc4-4b80-73d8-8adc-a0369fe50396,cher,Cher
11e81bc1-ac57-f42c-814f-a0369fe50396,eric-church,Eric Church
11e81bbb-6c23-87e6-8dc2-a0369fe50396,guru-randhawa,Guru Randhawa
11e81bd3-1f52-bbc2-9ae2-a0369fe50396,rudimental,Rudimental
11e81bc3-68ee-800a-a62a-a0369fe50396,ciara,Ciara
11e81bd0-d0e0-6806-bc83-a0369fe50396,ghost-19,Ghost
11e81bc8-2131-8988-8035-a0369fe50396,vicente-fernandez,Vicente Fernández
11e81bbc-8b01-c88e-b22b-a0369fe50396,jordan-davis,Jordan Davis
11e81bcc-9647-5bae-a928-a0369fe50396,sam-hunt-1,Sam Hunt
d4506f7a-c5be-11e8-a4d8-549f35141000,42-dugg,42 Dugg
11e81bcb-315d-3e30-b2c4-a0369fe50396,ben-e-king,Ben E. King
11e81bc3-e64c-8a38-8975-a0369fe50396,cosculluela,Cosculluela
11e81bbc-2fe4-db58-8409-a0369fe50396,nav-1,Nav
cd1b44fc-8e6c-4836-b8c7-2008eae445aa,le-sserafim,LE SSERAFIM
11e81bcd-fdf6-9138-8de0-a0369fe50396,hombres-g,Hombres G
11e81bbb-2de4-ebbe-bc56-a0369fe50396,los-tigres-del-norte,Los Tigres del Norte
6d23cf3a-c1cd-11e8-806d-525400009efb,mc-kevin-o-chris,MC Kevin o Chris
11e81bca-f75c-1bfc-9961-a0369fe50396,jatin-lalit,Jatin-Lalit
bd84b7b6-64f6-4743-b400-90b2605d4c9a,bia-2,Bia
11e81bc6-8f1d-078a-9538-a0369fe50396,the-fray,The Fray
11e81bd3-12c0-5716-9a88-a0369fe50396,yo-yo-honey-singh,Yo Yo Honey Singh
11e81bba-b6f5-906c-b326-a0369fe50396,willy-william,Willy William
11e81bd1-61b2-9c3c-8874-a0369fe50396,hoobastank,Hoobastank
11e81bc9-7a1d-9f90-b905-a0369fe50396,camila,Camila
351aac88-1cb0-11e9-9247-549f35161576,g-v-prakash,G. V. Prakash
af202c3b-c053-4fb7-9cb6-ae149020e58b,parampara-tandon,Parampara Tandon
1028c2f7-bf9c-496e-9f75-b3ac9c463e17,dvrst,DVRST
11e81bc8-60e0-dc00-a160-a0369fe50396,phoebe-bridgers,Phoebe Bridgers
11e81bc1-78ae-53aa-85aa-a0369fe50396,schoolboy-q,ScHoolboy Q
11e81bbc-1576-73c6-9b2a-a0369fe50396,magic-3,Magic
112d8c28-3e61-11e9-80aa-549f35141000,tomorrow-x-together,TOMORROW X TOGETHER
11e81bbe-3b9a-97d8-ae7d-a0369fe50396,otis-redding,Otis Redding
11e81bd2-f82e-967e-b590-a0369fe50396,ozzy-osbourne,Ozzy Osbourne
11e81bc0-c15e-c8a6-9219-a0369fe50396,fetty-wap,Fetty Wap
60a9f8d5-de5d-4f11-931a-ae14288508b8,chris-jedi,Chris Jedi
11e81bbd-947e-1dd0-824d-a0369fe50396,rascal-flatts,Rascal Flatts
11e81bc9-8bae-bbf4-83f9-a0369fe50396,icona-pop,Icona Pop
11e81bbd-3485-d0bc-be0e-a0369fe50396,jp-cooper,JP Cooper
7a94d120-f092-11e8-8b27-549f35141000,blxst,Blxst
11e81bbe-8477-e65e-ac08-a0369fe50396,miranda-lambert,Miranda Lambert
11e81bd2-858f-ee24-bcc9-a0369fe50396,supertramp,Supertramp
11e81bc3-1cb0-10d2-bdef-a0369fe50396,aya-nakamura,Aya Nakamura
11e81bc3-ae8f-9e64-9850-a0369fe50396,salim-sulaiman,Salim-Sulaiman
11e81bd3-147e-e888-a5f4-a0369fe50396,bonnie-tyler,Bonnie Tyler
11e81bc8-9c62-bb2c-a97d-a0369fe50396,snow-patrol,Snow Patrol
11e81bc7-3e47-39ce-afd6-a0369fe50396,dave-10,Dave
63c22fd2-4471-49ef-8c16-191c4f900c5b,boywithuke-1,BoyWithUke
cfb47fec-c5be-11e8-a3c7-549f35141000,sleepy-hallow,Sleepy hallow
11e81bbb-8063-e642-9bd4-a0369fe50396,wizkid,WizKid
f71ee5c6-b804-11e8-9fa4-525400009efb,ynw-melly-1,YNW Melly
11e81bc1-752e-dfe2-a2d1-a0369fe50396,surf-curse,Surf Curse
11e81bc4-2d2e-26fa-af82-a0369fe50396,bob-sinclar,Bob Sinclar
11e83feb-c2fd-18e4-8ebe-aa1c026db3d8,luisa-sonza,Luísa Sonza
11e81bc2-2a24-517a-b56a-a0369fe50396,ricardo-arjona,Ricardo Arjona
11e81bbc-4677-9f72-b91d-a0369fe50396,kodaline,Kodaline
11e81bbd-6e21-f422-9907-a0369fe50396,lenin-ramirez,Lenin Ramírez
11e81bd0-577a-7254-a448-a0369fe50396,lany,LANY
11e81bbb-757e-2eae-b980-a0369fe50396,el-fantasma,El Fantasma
5e9053b0-650d-11e9-88de-e4434b16cb7a,mahalini,Mahalini
bd817312-16b2-45a4-8678-8850d403165d,bailey-zimmerman,Bailey Zimmerman
11e83fe2-f3eb-8e80-ae2b-aa1c026db3d8,dhruv,Dhruv
11e81bbd-db90-df00-ab96-a0369fe50396,talking-heads,Talking Heads
11e81bcb-4db1-e50e-9493-a0369fe50396,sidhu-moose-wala,Sidhu Moose Wala
11e81bc7-d850-e9e8-bb60-a0369fe50396,louis-armstrong,Louis Armstrong
11e81bc2-b8ff-e04e-86f5-a0369fe50396,fun-2,fun.
11e81bbd-7ac8-39f2-b17e-a0369fe50396,chicago,Chicago
11e81bd2-9e26-4532-ae35-a0369fe50396,vacations-4,VACATIONS
11e81bbf-c391-bf8a-aa59-a0369fe50396,sum-41,Sum 41
11e81bd1-a08e-ecbc-89cc-a0369fe50396,luciano-3,Luciano
11e81bc1-6ef5-a5de-ae47-a0369fe50396,why-don-t-we,Why Don't We
11e81bba-db84-b318-83eb-a0369fe50396,pedro-capo,Pedro Capó
11e81bcd-3e95-4712-b967-a0369fe50396,kylie-minogue,Kylie Minogue
11e83fe8-b401-89fe-afb8-a0369fe50396,hugo-guilherme,Hugo & Guilherme
11e81bbb-dfca-61d8-811c-a0369fe50396,maldy,Maldy
11e81bc3-fb0e-40a6-b4bb-a0369fe50396,kool-the-gang,Kool & The Gang
11e81bce-0a9d-c0d2-9fe2-a0369fe50396,los-tucanes-de-tijuana,Los Tucanes de Tijuana
11e81bd3-56b8-7746-9e6c-a0369fe50396,tego-calderon,Tego Calderón
11e81bc6-8891-f92a-adb4-a0369fe50396,kansas,Kansas
11e83fe1-7c62-6466-8b22-aa1c026db3d8,gera-mx-4,Gera MX
11e81bc0-eb29-8400-8891-a0369fe50396,jason-aldean,Jason Aldean
8b3bc5f4-4170-11e9-8f9c-549f35141000,duncan-laurence,Duncan Laurence
11e81bd0-4f73-646c-b626-a0369fe50396,two-feet,Two Feet
11e81bc2-c5c9-22a4-aa8d-a0369fe50396,no-doubt,No Doubt
11e81bca-38ff-7438-a271-a0369fe50396,diljit-dosanjh,Diljit Dosanjh
11e81bc8-5501-bc7e-90b7-a0369fe50396,borns,BØRNS
11e81bca-404b-a2b6-9012-a0369fe50396,jorja-smith,Jorja Smith
11e81bd0-8267-f96e-883a-a0369fe50396,bakar,Bakar
11e81bcd-75f5-50e4-bede-a0369fe50396,ella-eyre,Ella Eyre
11e81bc8-0edd-d7c8-8377-a0369fe50396,noriel,Noriel
11e81bba-ad23-6cf8-8e4c-a0369fe50396,zion,Zion
11e81bd0-a647-fbea-aa82-a0369fe50396,avenged-sevenfold,Avenged Sevenfold
11e81bc3-2ed7-ca98-b1d5-a0369fe50396,bacilos,Bacilos
e134af48-6ea1-4a79-8566-e0ae6fd41c50,agroplay,AgroPlay
11e81bbc-3148-c590-bd1b-a0369fe50396,norah-jones,Norah Jones
11e81bd2-1374-d37c-ac95-a0369fe50396,laura-pausini,Laura Pausini
11e8abde-92bf-3ef0-b4dd-525400009efb,gerardo-ortiz-1,Gerardo Ortiz
11e81bc7-5746-1c10-983e-a0369fe50396,nick-jonas,Nick Jonas
11e81bc6-c238-9e0e-aba3-a0369fe50396,colbie-caillat,Colbie Caillat
11e81bbb-706a-e9e8-8194-a0369fe50396,ludmilla,Ludmilla
664f34c8-147a-11ea-a0a5-549f35161576,connor-price,Connor Price
11e81bce-99cc-ea4e-b6bf-a0369fe50396,keith-urban,Keith Urban
11e81bbd-5524-a7ee-b537-a0369fe50396,lykke-li,Lykke Li
11e81bbc-fadf-0c70-8275-a0369fe50396,matt-sassari,Matt Sassari
3db81086-c36b-11e8-9df5-525400009efb,masked-wolf,Masked Wolf
11e81bbe-985a-344c-b16e-a0369fe50396,john-denver,John Denver
11e81bbc-7172-d548-b264-a0369fe50396,jimmy-eat-world,Jimmy Eat World
11e81bc2-0ffa-99da-97d0-a0369fe50396,the-vamps-1,The Vamps
11e81bd2-46b1-a9fe-9fef-a0369fe50396,will-smith-3,Will Smith
11e81bbb-3389-fd8e-8348-a0369fe50396,grey,Grey
11e81bc7-8150-e5e4-bf7e-a0369fe50396,years-years,Years & Years
5f3f8876-ae38-4bd6-b0a6-d5e8ceab3b9c,shubh-5,Shubh
11e81bca-23f7-91b0-a874-a0369fe50396,heart-2,Heart
11e83fee-c5e8-046c-9f79-aa1c026db3d8,lady-a-1,Lady A
11e81bc0-0d1e-c382-a10e-a0369fe50396,zac-efron,Zac Efron
8eaac3d5-92e4-46be-950c-c91839fdc861,ive-14,IVE
11e81bc3-cd9b-2ec2-aeb3-a0369fe50396,lmfao,LMFAO
11e83feb-53a1-f9ba-b62f-aa1c026db3d8,trueno,Trueno
11e81bca-bcf4-93b8-a154-a0369fe50396,the-who,The Who
11e81bca-d23a-1572-8cda-a0369fe50396,motley-crue,Mötley Crüe
11e81bbe-504f-3ba2-8039-a0369fe50396,alt-j,alt-J
11e81bd2-9662-ecc4-b6c7-a0369fe50396,carlos-rivera-1,Carlos Rivera
bc2d9028-471c-11e9-81bf-e4434b2a489b,marca-mp,Marca MP
11e83fed-a7a9-fd6c-a7de-a0369fe50396,aitch,Aitch
11e81bc1-d299-3916-b5db-a0369fe50396,patrick-watson,Patrick Watson
11e81bbf-4acf-3794-8ff1-a0369fe50396,the-marias,The Marías
c3000c04-c658-11e8-b0c2-549f35161576,guaynaa,Guaynaa
11e81bc0-7c32-130a-a48c-a0369fe50396,selena-2,Selena
44d1797e-b8d6-11e8-8ff3-525400009efb,lil-mosey,Lil Mosey
11e8632f-280c-6d50-8dfa-a0369fe50396,g-i-dle,(G)I-DLE
d8561421-1104-4e24-be4a-0760c91c0a34,mc-paiva-zs,Mc Paiva ZS
11e81bc0-9e1c-b376-bc68-a0369fe50396,tim-mcgraw,Tim McGraw
11e81bcd-6335-87c6-b943-a0369fe50396,jon-pardi,Jon Pardi
9f2ea6a3-b622-439b-bf55-1bd94d8a63cd,luan-pereira-1,Luan Pereira
11e83fec-1526-974e-aa00-aa1c026db3d8,micro-tdh,Micro TDH
a8bc2b06-2d05-11ea-8fbb-549f35161576,callejero-fino,Callejero Fino
11e81bc7-d4d2-9b68-a0c4-a0369fe50396,sufjan-stevens,Sufjan Stevens
11e81bc2-a221-7144-bd2d-a0369fe50396,simple-minds,Simple Minds
11e83fed-57fa-ec86-b80c-a0369fe50396,dreamville,Dreamville
11e81bc0-e6ec-e6d4-922a-a0369fe50396,sade,Sade
11e81bbc-63d0-8430-b02f-a0369fe50396,capital-cities,Capital Cities
11e81bcc-c7f7-af5a-895d-a0369fe50396,tulus-1,Tulus
cbbf1ff6-0dc4-11ea-8b81-e4434b16cb78,gurinder-gill,Gurinder Gill
11e81bc4-1946-d0ec-9920-a0369fe50396,noah-kahan,Noah Kahan
11e81bd2-d220-6278-b8fd-a0369fe50396,the-black-keys,The Black Keys
11e81bbf-06a9-f9f0-be43-a0369fe50396,neeraj-shridhar,Neeraj Shridhar
11e81bbf-f243-906a-a17e-a0369fe50396,ray-charles-1,Ray Charles
11e81bc8-9971-6d3c-96c4-a0369fe50396,blake-shelton,Blake Shelton
94e99513-c177-49f3-ab1d-7e4be795e70c,beele-1,Beele
11e83fe0-3787-454c-a7a3-a0369fe50396,johann-sebastian-bach,Johann Sebastian Bach
f88e0702-b804-11e8-a41c-525400009efb,rod-wave,Rod Wave
11e81bc9-a701-8ae4-b413-a0369fe50396,caralisa-monteiro,Caralisa Monteiro
11e8a9df-d571-5b6c-8001-525400009efb,vize-1,VIZE
11e81bc8-6db3-22e4-bd44-a0369fe50396,the-temptations-1,The Temptations
11e8a7a8-fd3b-03fc-a87d-525400009efb,lola-indigo,Lola Indigo
11e81bc8-758f-62ca-b598-a0369fe50396,diana-ross,Diana Ross
11e81bc3-95f0-32e2-9a3b-a0369fe50396,deftones,Deftones
11e81bc9-7412-91b4-9853-a0369fe50396,ludovico-einaudi,Ludovico Einaudi
11e81bbc-1494-5f7c-931c-a0369fe50396,tion-wayne,Tion Wayne
11e81bc8-0b42-98e2-ac1b-a0369fe50396,sfera-ebbasta,Sfera Ebbasta
11e83feb-6500-0e5e-a8c0-aa1c026db3d8,jp-saxe,JP Saxe
836d4b88-b8e3-11e8-8462-525400009efb,powfu,Powfu
11e81bc3-ad82-9904-9a53-a0369fe50396,iron-maiden,Iron Maiden
11e81bcd-abf6-7812-8df6-a0369fe50396,paul-simon-1,Paul Simon
11e81bbd-d0f3-620c-b79c-a0369fe50396,the-verve,The Verve
11e81bc1-6389-33aa-b377-a0369fe50396,david-bisbal,David Bisbal
11e81bc7-534c-08cc-bb43-a0369fe50396,duran-duran,Duran Duran
11e81bc1-abf2-dd80-841b-a0369fe50396,jose-jose,José José
11e81bc1-af4b-07d2-b0d6-a0369fe50396,sukhwinder-singh,Sukhwinder Singh
11e83fea-f11c-e5de-b888-a0369fe50396,dynoro,Dynoro
3b1f33f8-c492-4206-b595-d277a3530d0d,nattan,Nattan
11e81bc2-1e51-5e60-9c10-a0369fe50396,jasleen-royal,Jasleen Royal
11e81bd3-375c-c71c-9320-a0369fe50396,belinda-1,Belinda
11e81bbc-5254-2ea0-a906-a0369fe50396,afrojack,Afrojack
18505440-d214-11e8-bcf0-525400009efb,fireboy-dml,Fireboy Dml
11e8a772-29b7-7b7c-8115-525400009efb,sofia-reyes-2,Sofia Reyes
11e81bce-c228-a30c-9377-a0369fe50396,rich-the-kid,Rich the Kid
11e83fe2-5ef9-6d38-a85f-aa1c026db3d8,matheus-fernandes,Matheus Fernandes
11e81bba-a144-77c4-a427-a0369fe50396,deorro,Deorro
11e81bcd-7b07-1ec8-b8a8-a0369fe50396,sadhana-sargam,Sadhana Sargam
11e81bd0-8907-0c7e-bf22-a0369fe50396,hugel,HUGEL
b64c9ef0-c356-11e8-a8ba-525400009efb,cordae-1,Cordae
cc959fae-c658-11e8-8644-549f35161576,rvfv,Rvfv
11e83fe4-6ce1-01ac-88e6-aa1c026db3d8,aleman,Aleman
11e81bc9-1969-75d4-baae-a0369fe50396,america,America
11e81bc2-447c-9a0a-b32d-a0369fe50396,smash-mouth,Smash Mouth
11e81bc9-7bb3-f4ee-9c0a-a0369fe50396,juan-magan,Juan Magán
11e81bd2-d7a1-28cc-a93f-a0369fe50396,ella-mai,Ella Mai
11e81bc8-ab35-950c-a4b1-a0369fe50396,karthik-1,Karthik
11e8aa01-e0d0-05a4-9385-525400009efb,nathan-dawe,Nathan Dawe
11e81bbd-8968-1ed2-bad9-a0369fe50396,the-doobie-brothers,The Doobie Brothers
